job_title,company,date,link
Senior Software Engineer Full Stack,Cyngn,2d,https://remoteok.com/remote-jobs/remote-senior-software-engineer-full-stack-cyngn-1093069
Product Engineer Frontend,Quash,2d,https://remoteok.com/remote-jobs/remote-product-engineer-frontend-quash-1093066
Golang Engineer,Canonical,5d,https://remoteok.com/remote-jobs/remote-golang-engineer-canonical-1093057
DevOps Engineer Staking,Crypto.com,5d,https://remoteok.com/remote-jobs/remote-devops-engineer-staking-crypto-com-1093055
Software Engineer,Upvest,7d,https://remoteok.com/remote-jobs/remote-software-engineer-upvest-1093038
Senior Software Engineer KSPM,Cast AI,7d,https://remoteok.com/remote-jobs/remote-senior-software-engineer-kspm-cast-ai-1093037
Software Engineer III,Jack Henry,7d,https://remoteok.com/remote-jobs/remote-software-engineer-iii-jack-henry-1093036
Back End Developer Winna.com,Winna,14d,https://remoteok.com/remote-jobs/remote-back-end-developer-winna-com-winna-1092973
Software Engineer Infrastructure,Gauntlet,7d,https://remoteok.com/remote-jobs/remote-software-engineer-infrastructure-gauntlet-1093033
Software Engineer Data,Gauntlet,7d,https://remoteok.com/remote-jobs/remote-software-engineer-data-gauntlet-1093031
Software Engineer III Frontend,Shippo,7d,https://remoteok.com/remote-jobs/remote-software-engineer-iii-frontend-shippo-1093030
HQ Senior Frontend Engineer,Job&Talent,7d,https://remoteok.com/remote-jobs/remote-hq-senior-frontend-engineer-jobamptalent-1093029
Software Engineer Microservices,Kong,7d,https://remoteok.com/remote-jobs/remote-software-engineer-microservices-kong-1093028
Senior Fullstack Engineer,MoonPay,8d,https://remoteok.com/remote-jobs/remote-senior-fullstack-engineer-moonpay-1093018
Senior React Full stack Developer,Lemon.io,8d,https://remoteok.com/remote-jobs/remote-senior-react-full-stack-developer-lemon-io-1093015
Technical Product Manager Developer Platform,TrueML,9d,https://remoteok.com/remote-jobs/remote-technical-product-manager-developer-platform-trueml-1093012
DevOps Engineer,ScaleTech,10d,https://remoteok.com/remote-jobs/remote-devops-engineer-scaletech-1092992
Principal Software Engineer,Shippo,11d,https://remoteok.com/remote-jobs/remote-principal-software-engineer-shippo-1092986
Staff Backend Engineer,Dapper Labs,12d,https://remoteok.com/remote-jobs/remote-staff-backend-engineer-dapper-labs-1092983
Software Engineer,Serotonin,13d,https://remoteok.com/remote-jobs/remote-software-engineer-serotonin-1092981
